1 | Rodrigo Abasto Berbetty | rodrigoberbetty.com | server01.rodrigoberbetty.com | rodrigo.abasto21@gmail.com |
2 | Ivan Acosta Osorio | ivanosorio.com | server01.ivanosorio.com | electroivan92@gmail.com |
3 | Helen Ajhuacho Mamani | helenmamani.com | server01.helenmamani.com | helenajhuacho@gmail.com |
4 | Fabiola Liliana Añez guillen | fabiolaguillen.com | server01.fabiolaguillen.com | faby.ag32@gmail.com |
5 | Gustavo Israel Apaza Gonzales | gustavogonzales.com | server01.gustavogonzales.com | gustavoapaza59@gmail.com |
6 | Wilar Luana Arancibia Dos Santos | wilarsantos.com | server01.wilarsantos.com | wilarads@gmail.com |
7 | Rimer Diego Arnez Ribera | rimerribera.com | server01.rimerribera.com | rdiegoar@gmail.com |
8 | Maria Belcy Arroyo Moron | mariamoron.com | server01.mariamoron.com | mariabelcyarroyomoron@gmail.com |
9 | Leonardo Ayala Cayo | leonardocayo.com | server01.leonardocayo.com | leonardoayalacayo@gmail.com |
10 | Eryk Alberto Ayala Flores | erykflores.com | server01.erykflores.com | eryk.ayala@protonmail.com |
11 | Kevin Alberto Ayala Paz | kevinpaz.com | server01.kevinpaz.com | kevinayala22122019@gmail.com |
12 | Fernando Rodrigo Bascope Soliz | fernandosoliz.com | server01.fernandosoliz.com | fbascopeslz@gmail.com |
13 | Sarahi Hasbadana Burgos Arteaga | sarahiarteaga.com | server01.sarahiarteaga.com | hasbadana.98@gmail.com |
14 | Al Ivan Calle Coymbra | alcoymbra.com | server01.alcoymbra.com | calle.coymbra@gmail.com |
15 | Maria Jose Camacho Gutierrez | mariagutierrez.com | server01.mariagutierrez.com | majose.camachog@gmail.com |
16 | Miguel Angel Oliver Carranza Diaz | migueldiaz.com | server01.migueldiaz.com | olivercd15@gmail.com |
17 | Juan Pablo Castillo Sanchez | juansanchez.com | server01.juansanchez.com | pablinhocastillo30711@gmail.com |
18 | Agustin Cerezo Rodriguez | agustinrodriguez.com | server01.agustinrodriguez.com | cerezorodriguezagustin@gmail.com |
19 | Jorge Fabrizio Cespedes Torrico | jorgetorrico.com | server01.jorgetorrico.com | fabrizioct2010@gmail.com |
20 | Jose Mishael Chile Laime | joselaime.com | server01.joselaime.com | jose.mishael.chile@gmail.com |
21 | Jefferson Tomas Chino Bellido | jeffersonbellido.com | server01.jeffersonbellido.com | jefferson780966@gmail.com |
22 | Carla Jimena Cisneros Ramos | carlaramos.com | server01.carlaramos.com | carlacisra@gmail.com |
23 | Nicolas Colque Orellana | nicolasorellana.com | server01.nicolasorellana.com | nicolascon93@gmail.com |
24 | Jorge Luis Condori Chavez | jorgechavez.com | server01.jorgechavez.com | jorgelcch17@gmail.com |
25 | Sandra Epifania Coronel Gonzales | sandragonzales.com | server01.sandragonzales.com | macgiver0102@gmail.com |
26 | Wendy Cotari Fuentes | wendyfuentes.com | server01.wendyfuentes.com | wendycotari@gmail.com |
27 | Jose Antonio Crespo Bilbao | josebilbao.com | server01.josebilbao.com | crespoantony.jc@gmail.com |
28 | Wilmer Henry Cruz Mamani | wilmermamani.com | server01.wilmermamani.com | wilmerh.cruzm@gmail.com |
29 | Marcelo Cruz Nogales | marcelonogales.com | server01.marcelonogales.com | cruznogalesmarcelo@gmail.com |
30 | Domicelia Diaz Pereira | domiceliapereira.com | server01.domiceliapereira.com | domi-diaz123@hotmail.com |
31 | Roberto Yunior Dominguez molina | robertomolina.com | server01.robertomolina.com | robertodominguez52314@gmail.com |
32 | Efrain Espadero Canaviri | efraincanaviri.com | server01.efraincanaviri.com | espaderoefrain@gmail.com |
33 | Nayely Espinoza Juarez | nayelyjuarez.com | server01.nayelyjuarez.com | nayelyespinoza.j@gmail.com |
34 | Ronel Fernandez Salazar | ronelsalazar.com | server01.ronelsalazar.com | ronilfernandez@gmail.com |
35 | Randy Yusen Flores Chavez | randychavez.com | server01.randychavez.com | randyyusen@gmail.com |
36 | Milton Flores Colque | miltoncolque.com | server01.miltoncolque.com | miltonflores871996@gmail.com |
37 | Luis David Flores Perez | luisperez.com | server01.luisperez.com | 10031996.ldfp@gmail.com |
38 | David Garcia Romero | davidromero.com | server01.davidromero.com | davidijsud@gmail.com |
39 | Jorge Alejandro Gonzalez Torrez | jorgetorrez.com | server01.jorgetorrez.com | joalgt@gmail.com |
40 | Gustavo Antonio Graz Añez | gustavoanez.com | server01.gustavoanez.com | gustavograz20@gmail.com |
41 | Jose Rebeca Guerrero Lazarte | joselazarte.com | server01.joselazarte.com | rebekaguerrero235@gmail.com |
42 | Miguel Huanca Limachi | miguellimachi.com | server01.miguellimachi.com | mi.hu.li.12@gmail.com |
43 | Johana Ivonne Huiza Zamora | johanazamora.com | server01.johanazamora.com | johanazamora055@gmail.com |
44 | Jose Daniel Jaldin Molina | josemolina.com | server01.josemolina.com | jose_jaldin@hotmail.es |
45 | Mirtha Maritza Jimenez Leon | mirthaleon.com | server01.mirthaleon.com | academico@soe.uagrm.edu.bo |
46 | Rodolfo Justiniano Cuellar | rodolfocuellar.com | server01.rodolfocuellar.com | rjustinianoc@gmail.com |
47 | Paul Jose Leaños Valdez | paulvaldez.com | server01.paulvaldez.com | pajoleva@gmail.com |
48 | Grover Fernando Limachi Sarzuri | groversarzuri.com | server01.groversarzuri.com | sistemas.grover@gmail.com |
49 | Sariah Lopez Leao | sariahleao.com | server01.sariahleao.com | sariahllopez@gmail.com |
50 | Mauro Eduardo Loza Flor | mauroflor.com | server01.mauroflor.com | maurolf99@gmail.com |
51 | Tito Luna Zurita | titozurita.com | server01.titozurita.com | titolunafin1@gmail.com |
52 | Misael Gustavo Maldonado Pereira da Silva | misaelsilva.com | server01.misaelsilva.com | misaelmaldonado91@outlook.com |
53 | Jhonny Mamani Catari | jhonnycatari.com | server01.jhonnycatari.com | jhonnymamanicatari@gmail.com |
54 | Juan Carlos Mamani Huayta | juanhuayta.com | server01.juanhuayta.com | carloshuayta112@gmail.com |
55 | Dalma Alejandra Mamani Moya | dalmamoya.com | server01.dalmamoya.com | alexdalma9@gmail.com |
56 | Domenico Francesco Marafioti gonzales | domenicogonzales.com | server01.domenicogonzales.com | domenicofm1997@gmail.com |
57 | Juan De Dios Marquez Ipamo | juanipamo.com | server01.juanipamo.com | knx1.marquez@gmail.com |
58 | Jose Andres Mayser Vasquez | josevasquez.com | server01.josevasquez.com | joseandresmayser@gmail.com |
59 | Jose Carlos Mendoza Allerding | joseallerding.com | server01.joseallerding.com | jcarlosma97@gmail.com |
60 | Roly Edson Mendoza Pacsi | rolypacsi.com | server01.rolypacsi.com | rolyedson456@gmail.com |
61 | Paula Andrea Mendoza Ramirez | paularamirez.com | server01.paularamirez.com | paulamendozaramirez13@gmail.com |
62 | German Mendoza Ribera | germanribera.com | server01.germanribera.com | gmendozaribera@gmail.com |
63 | Yenny Mercado Pardo | yennypardo.com | server01.yennypardo.com | yennymercadopardo2017@gmail.com |
64 | Cristian Blas Mojica Cespedes | cristiancespedes.com | server01.cristiancespedes.com | cristianblass95@gmail.com |
65 | Mariela Molina Delgadillo | marieladelgadillo.com | server01.marieladelgadillo.com | maye.moli.del@gmail.com |
66 | Daniel Alfredo Montaño Ortiz | danielortiz.com | server01.danielortiz.com | danialfredo14894@gmail.com |
67 | Cristian Alex Montaño Vargas | cristianvargas.com | server01.cristianvargas.com | yzzalexzzy@gmail.com |
68 | Cristian Adrian Morales De Los Santos | cristiansantos.com | server01.cristiansantos.com | cristian.amdls@gmail.com |
69 | Gerson Oliva Rojas | gersonrojas.com | server01.gersonrojas.com | gersonoliva98@gmail.com |
70 | Jason Raul Ortiz Saavedra | jasonsaavedra.com | server01.jasonsaavedra.com | eljros999xxx@gmail.com |
71 | Henry Paco Delgadillo | henrydelgadillo.com | server01.henrydelgadillo.com | henrypaquito90@gmail.com |
72 | Luis Antonio Parra Chambi | luischambi.com | server01.luischambi.com | parra15.lapc@gmail.com |
73 | Franco Antonio Pearrieta Zanabria | francozanabria.com | server01.francozanabria.com | frankantonio17@gmail.com |
74 | Darwin Rodrigo Pedraza Hurtado | darwinhurtado.com | server01.darwinhurtado.com | darwinrpedrazahurtado@gmail.com |
75 | Juan Carlos Peinado | juanpeinado.com | server01.juanpeinado.com | director@soe.uagrm.edu.bo |
76 | Aldys Milenka Pérez | aldysperez.com | server01.aldysperez.com | perez.aldysmilenka@gmail.com |
77 | Thalia Perez Añez | thaliaanez.com | server01.thaliaanez.com | thalia.tpa@gmail.com |
78 | Ingrid Nathaly Pozadas Mamani | ingridmamani.com | server01.ingridmamani.com | nath.1475369@gmail.com |
79 | Jose Luis Quispe Mamani | josemamani.com | server01.josemamani.com | joseluisstacruz@gmail.com |
80 | Yolanda Quispe Paco | yolandapaco.com | server01.yolandapaco.com | landaqp@outlook.com |
81 | Victor Daniel Ramos Ibarra | victoribarra.com | server01.victoribarra.com | victordanram@hotmail.com |
82 | Roman Roca Gonzales | romangonzales.com | server01.romangonzales.com | roman.rrgroca@gmail.com |
83 | Willan Rodriguez | willanrodriguez.com | server01.willanrodriguez.com | willrod19.9591@gmail.com |
84 | Karen Gueila Rodriguez Granadero | karengranadero.com | server01.karengranadero.com | rodriguez7karen@gmail.com |
85 | Luis Fernando Saavedra Aymuro | luisaymuro.com | server01.luisaymuro.com | saavedra9682@gmail.com |
86 | Simon Sagredo Cordova | simoncordova.com | server01.simoncordova.com | simon.ssc97@gmail.com |
87 | Alexander Sanchez Herbas | alexanderherbas.com | server01.alexanderherbas.com | alexandersczash@gmail.com |
88 | Samantha Sanina Paredes diaz | samanthadiaz.com | server01.samanthadiaz.com | samanthaparedes32@gmail.com |
89 | Cristian Soliz Choque | cristianchoque.com | server01.cristianchoque.com | chonti2007@gmail.com |
90 | Dennar Taborga Farel | dennarfarel.com | server01.dennarfarel.com | dennartaborgaf@gmail.com |
91 | Ariel Tola Zurita | arielzurita.com | server01.arielzurita.com | arieltolazurita@gmail.com |
92 | David Torrez Navarro | davidnavarro.com | server01.davidnavarro.com | davidtn52@gmail.com |
93 | Christian Torrico Avila | christianavila.com | server01.christianavila.com | christorricoavila@gmail.com |
94 | Vladimir Trujillo Camacho | vladimircamacho.com | server01.vladimircamacho.com | vlady.vtc@gmail.com |
95 | Ronald Vaca Castillo | ronaldcastillo.com | server01.ronaldcastillo.com | ronaldvc678@gmail.com |
96 | Reimer Vallejos Diaz | reimerdiaz.com | server01.reimerdiaz.com | reimerdiaz1996@gmail.com |
97 | Katherine Valverde Leigue | katherineleigue.com | server01.katherineleigue.com | valleitsu@gmail.com |
98 | Ivana Teresa Vargas chavez | ivanachavez.com | server01.ivanachavez.com | ivanavargaschavez@gmail.com |
99 | Gerardo Ciprian Vargas Copaz | gerardocopaz.com | server01.gerardocopaz.com | vargasgerardocopaz@gmail.com |
100 | Gleny Jhoselin Vargas Farel | glenyfarel.com | server01.glenyfarel.com | vargasglenyj@gmail.com |
101 | Yerka Vargas Golac | yerkagolac.com | server01.yerkagolac.com | yerkavg2@gmail.com |
102 | Alvaro Fabricio Vasquez Barbery | alvarobarbery.com | server01.alvarobarbery.com | afabriciovasquezb@gmail.com |
103 | Luis Fernando Veizaga Valverde | luisvalverde.com | server01.luisvalverde.com | fernandoveizaga7@gmail.com |
104 | Elder Velasco Paniagua | elderpaniagua.com | server01.elderpaniagua.com | eldervelascopaniagua7@gmail.com |
105 | Peter Junior Velasquez Garcia | petergarcia.com | server01.petergarcia.com | piterjr2010@gmail.com |
106 | Brayan Pablo Vera Montoya | brayanmontoya.com | server01.brayanmontoya.com | brayanpablo@outlook.com |
107 | Roy Edgar Vidal Villarroel | royvillarroel.com | server01.royvillarroel.com | edgar_vidal_villarroel@hotmail.com |
108 | Camila Stefanie Yacob Cwirko | camilacwirko.com | server01.camilacwirko.com | camilayacobc@gmail.com |
109 | Wilfredo Yaure Alvarez | wilfredoalvarez.com | server01.wilfredoalvarez.com | yaure6916wilfre@gmail.com |
110 | David Yucra Juan | davidjuan.com | server01.davidjuan.com | david.y.j.k@hotmail.com |
111 | Alvaro Zacary Cruz | alvarocruz.com | server01.alvarocruz.com | alvaro.zacary@gmail.com |
112 | Ernesto Zambrana Ribera | ernestoribera.com | server01.ernestoribera.com | ernestozambranar@gmail.com |
113 | Karla Carola Zenteno Campos | karlacampos.com | server01.karlacampos.com | karlazenteno.93@gmail.com |
114 | Mary Eliana Zenteno Rojas | maryrojas.com | server01.maryrojas.com | maryelianazentenorojas@gmail.com |
